team,strength,confederation,notes
Argentina,92,CONMEBOL,Defending champions
France,91,UEFA,2022 finalists
Brazil,90,CONMEBOL,5x winners
England,88,UEFA,Strong squad
Spain,87,UEFA,Euro 2024 winners
Germany,86,UEFA,4x winners
Portugal,85,UEFA,Ronaldo era
Netherlands,84,UEFA,Consistent
Italy,83,UEFA,Euro specialists
Belgium,82,UEFA,Golden generation
Croatia,81,UEFA,2022 3rd
Uruguay,80,CONMEBOL,Experienced
Mexico,78,CONCACAF,Host nation advantage
USA,77,CONCACAF,Co-host
Canada,75,CONCACAF,Co-host
Colombia,79,CONMEBOL,Rising
Japan,76,AFC,Asia's best
South Korea,74,AFC,Consistent
Australia,71,AFC,Oceania strong
Saudi Arabia,70,AFC,2022 upset kings
Morocco,82,CAF,2022 surprise
Senegal,78,CAF,African leaders
Ghana,73,CAF,Experienced
Nigeria,76,CAF,Strong squad
Ecuador,74,CONMEBOL,Solid
Chile,72,CONMEBOL,Veterans
Peru,70,CONMEBOL,Resilient
Costa Rica,68,CONCACAF,2014 heroes
Panama,65,CONCACAF,2018 debutants
New Zealand,64,OFC,Regular qualifiers
Qatar,66,AFC,2022 hosts
China,63,AFC,Developing
India,55,AFC,Development focus
